Title,Release Date,Runtime,Revenue,Action/Adventure,Drama,Comedy,Science Fiction/Fantasy,Romance,Horror/Thriller/Crime/Mystery,Others
Fifty Shades of Grey,2015-02-11,125,571006128,0,1,0,0,1,1,0
Calendar Girls,2003-09-02,108,96542059,0,1,1,0,0,0,0
The Polar Express,2004-11-10,100,310634054,1,0,0,1,0,0,1
Halloween Kills,2021-10-14,105,133423964,0,0,0,0,0,1,0
Resident Evil: Retribution,2012-09-12,95,240159255,1,0,0,1,0,1,0
Ghostbusters,2016-07-14,117,229147509,1,0,1,1,0,0,0
The King's Speech,2010-11-26,118,414211549,0,1,0,0,0,0,1
Total Recall,1990-06-01,113,261317921,1,0,0,1,0,0,0
The Twilight Saga: New Moon,2009-11-18,131,709827462,1,1,0,1,1,0,0
Alita: Battle Angel,2019-01-31,122,404980543,1,0,0,1,0,0,0
The Lord of the Rings: The Return of the King,2003-12-01,201,1118888979,1,0,0,1,0,0,0
Fahrenheit 9/11,2004-06-25,123,222446882,0,0,0,0,0,0,1
The Town,2010-09-15,125,154026136,0,1,0,0,0,1,0
The Amazing Spider-Man 2,2014-04-16,141,708962323,1,0,0,1,0,0,0
Pixels,2015-07-16,105,244874809,1,0,1,1,0,0,0
Love Actually,2003-09-07,135,247933248,0,1,1,0,1,0,0
When a Stranger Calls,2006-02-03,87,67062123,0,0,0,0,0,1,0
Hide and Seek,2005-01-27,101,127369981,0,0,0,0,0,1,0
Wild Hogs,2007-03-02,100,253625427,1,0,1,0,0,0,0
How to Train Your Dragon: The Hidden World,2019-01-03,104,524580592,1,0,0,0,0,0,1
Pirates of the Caribbean: At World's End,2007-05-19,169,961000000,1,0,0,1,0,0,0
Bad Boys II,2003-07-18,147,273339556,1,0,1,0,0,1,0
Johnny English,2003-03-14,88,160583018,1,0,1,0,0,0,0
The Purge,2013-05-31,86,89328627,0,0,0,1,0,1,0
American Gangster,2007-11-02,157,266465037,0,1,0,0,0,1,0
The Angry Birds Movie,2016-05-11,97,349779543,1,0,1,0,0,0,1
American Hustle,2013-12-03,138,251171807,0,1,0,0,0,1,0
Clash of the Titans,2010-03-26,106,493214993,1,0,0,1,0,0,0
The Incredible Hulk,2008-06-12,114,163712074,1,0,0,1,0,0,0
The Bucket List,2023-08-03,129,0,1,0,1,0,0,1,0
Venom: Let There Be Carnage,2021-09-30,97,506863592,1,0,0,1,0,0,0
Four Christmases,2008-11-26,88,164112721,0,1,1,0,1,0,0
Joker,2019-10-01,122,1074458282,0,1,0,0,0,1,0
Miami Vice,2006-07-27,132,163794509,1,0,0,0,0,1,0
Spider-Man 2,2004-06-25,127,788976453,1,0,0,1,0,0,0
The SpongeBob Movie: Sponge Out of Water,2015-01-28,93,311594032,1,0,1,1,0,0,1
Captain America: Civil War,2016-04-27,147,1155046416,1,0,0,1,0,0,0
"I, Robot",2004-07-15,115,347234916,1,0,0,1,0,0,0
Kill Bill: Vol. 1,2003-10-10,111,180906076,1,0,0,0,0,1,0
Phone Booth,2003-04-04,81,97837138,0,0,0,0,0,1,0
The Conjuring: The Devil Made Me Do It,2021-05-25,111,206431050,0,0,0,0,0,1,0
The Super Mario Bros. Movie,2023-04-05,93,1355725263,1,0,1,1,0,0,1
Chicken Little,2005-11-04,81,314432665,0,0,1,0,0,0,1
Bringing Down the House,2003-03-07,105,132675402,0,1,1,0,0,0,0
Annabelle: Creation,2017-08-03,110,306515884,0,0,0,0,0,1,0
Hellboy,2004-04-02,122,99318987,1,0,0,1,0,0,0
The Three Kings,2001-12-12,102,0,1,0,1,1,0,0,0
21 Jump Street,2012-03-14,109,201585328,1,0,1,0,0,1,0
Snakes on a Plane,2006-08-17,105,62022014,1,0,0,0,0,1,0
Bridget Jones's Baby,2016-09-14,123,211952420,0,0,1,0,1,0,0
Along Came Polly,2004-01-16,90,178311729,0,0,1,0,1,0,0
Jurassic World Dominion,2022-06-01,147,1001978080,1,0,0,1,0,0,0
Chappie,2015-03-04,120,104399548,1,0,0,1,0,1,0
Kung Fu Panda,2008-06-04,90,631744560,1,0,1,0,0,0,1
The Covenant,2006-09-08,97,37597471,1,0,0,1,0,1,0
The Exorcism of Emily Rose,2005-09-09,122,145166804,0,1,0,0,0,1,0
Avengers: Endgame,2019-04-24,181,2800000000,1,0,0,1,0,0,0
Race to Witch Mountain,2009-03-12,98,106303988,1,0,0,1,0,1,1
Once Upon a Time in Hollywood,2019-07-24,162,374251247,0,1,1,0,0,1,0
Inglourious Basterds,2009-08-19,153,321457747,0,1,0,0,0,1,1
X-Men: The Last Stand,2006-05-24,104,459359555,1,0,0,1,0,1,0
Men in Black II,2002-07-03,88,445135288,1,0,1,1,0,0,0
King Arthur: Legend of the Sword,2017-05-10,126,148675066,1,1,0,1,0,0,0
Kung Fu Panda 3,2016-01-23,95,521170825,1,0,1,0,0,0,1
Shutter Island,2010-02-14,138,294800000,0,1,0,0,0,1,0
The Fog,1980-02-08,89,21448830,0,0,0,0,0,1,0
Pain & Gain,2013-04-18,130,87305549,1,0,1,0,0,1,0
Cloudy with a Chance of Meatballs,2009-09-17,90,242988466,0,0,1,0,0,0,1
Cars 3,2017-06-15,102,383925276,1,0,1,0,0,0,1
San Andreas,2015-05-27,114,473990832,1,1,0,0,0,1,0
Shrek Forever After,2010-05-16,93,752600867,1,0,1,1,0,0,1
Rocky Balboa,2006-12-20,101,155929020,0,1,0,0,0,0,0
Enchanted,2007-11-20,107,340487652,0,0,1,1,1,0,1
Harry Potter and the Half-Blood Prince,2009-07-15,153,933959197,1,0,0,1,0,0,0
Gnomeo & Juliet,2011-01-13,84,189712432,0,0,0,0,0,0,1
A Nightmare on Elm Street,1984-11-09,91,57000000,0,0,0,0,0,1,0
The Equalizer 3,2023-08-30,109,176933602,1,0,0,0,0,1,0
Legend,2015-09-09,132,42972994,0,0,0,0,0,1,0
Black Panther,2018-02-13,135,1349926083,1,0,0,1,0,0,0
Gravity,2013-10-03,91,723192705,0,1,0,1,0,1,0
17 Again,2009-03-11,102,136316880,0,0,1,0,0,0,0
Fantastic Beasts and Where to Find Them,2016-11-16,132,809342332,1,0,0,1,0,0,1
Austin Powers in Goldmember,2002-07-26,93,296938801,0,0,1,1,0,1,0
Peter Rabbit,2018-02-07,93,351266433,1,0,0,0,0,0,1
The Hobbit: An Unexpected Journey,2012-12-12,169,1021103568,1,0,0,1,0,0,0
No Strings Attached,2011-01-21,107,149228077,0,0,1,0,1,0,0
The Heartbreak Kid,2007-10-05,116,128453183,0,0,1,0,1,0,0
F9: The Fast Saga,2021-05-19,143,726229501,1,0,0,0,0,1,0
Inside Man,2006-03-17,129,186003591,0,1,0,0,0,1,0
Hotel Transylvania,2012-09-20,91,358375603,0,0,1,1,0,0,1
The Curse of La Llorona,2019-04-17,93,122033739,0,0,0,0,0,1,0
Kick-Ass 2,2013-07-17,103,60700000,1,0,0,0,0,1,0
Ice Age: The Meltdown,2006-03-29,91,660998756,1,0,1,0,0,0,1
Contraband,2012-01-12,109,96262212,1,1,0,0,0,1,0
Indiana Jones and the Kingdom of the Crystal Skull,2008-05-21,122,786636033,1,0,0,0,0,0,0
The Bourne Legacy,2012-08-08,135,276572938,1,0,0,0,0,1,0
Halloween,1978-10-24,91,70274000,0,0,0,0,0,1,0
Big Hero 6,2014-10-24,102,657827828,1,0,1,0,0,0,1
Paddington 2,2017-11-09,104,227300000,1,0,1,0,0,0,1
The Texas Chainsaw Massacre,2003-05-21,98,107363905,0,0,0,0,0,1,0
Anger Management,2003-04-11,106,195745823,0,0,1,0,0,0,0
Super 8,2011-06-08,112,260095986,0,0,0,1,0,1,0
Wonder Woman,2017-05-30,141,822854286,1,0,0,1,0,0,0
Contagion,2011-09-08,106,137551594,0,1,0,1,0,1,0
Something's Gotta Give,2003-12-12,128,266728738,0,1,1,0,1,0,0
Failure to Launch,2006-03-10,97,130224158,0,0,1,0,1,0,0
Over the Hedge,2006-05-17,83,343397247,0,0,1,0,0,0,1
Ambulance,2022-03-16,136,51783040,1,0,0,0,0,1,0
Spy Kids 3: Game Over,2003-07-25,84,197011982,1,0,1,1,0,0,1
Miss Peregrine's Home for Peculiar Children,2016-09-27,127,296482446,1,0,0,1,0,0,0
London Has Fallen,2016-03-02,99,205754447,1,0,0,0,0,1,0
Mission: Impossible - Dead Reckoning Part One,2023-07-08,164,567148955,1,0,0,0,0,1,0
The Avengers,2012-04-25,143,1518815515,1,0,0,1,0,0,0
War Room,2015-08-28,120,67790117,0,1,0,0,1,0,0
Lilo & Stitch,2002-06-21,85,273144151,0,0,0,0,0,0,1
Transformers: Rise of the Beasts,2023-06-06,127,429800000,1,0,0,1,0,0,0
Run Fatboy Run,2007-09-06,100,33478921,0,0,1,0,1,0,0
Saw III,2006-10-26,114,164874275,0,0,0,0,0,1,0
Ford v Ferrari,2019-11-13,153,225508210,1,1,0,0,0,0,1
The Divergent Series: Insurgent,2015-03-18,119,297002527,1,0,0,1,0,1,0
Arrival,2016-11-10,116,203388186,0,1,0,1,0,1,0
About a Boy,2002-04-26,101,129000000,0,1,1,0,1,0,0
The Help,2011-08-09,146,216639112,0,1,0,0,0,0,0
Spy,2015-05-06,120,235666219,1,0,1,0,0,1,0
Fool's Gold,2008-02-07,112,111231041,1,0,1,0,1,0,0
Downton Abbey: A New Era,2022-04-27,125,88000000,0,1,0,0,1,0,0
Lakeview Terrace,2008-09-19,110,27640028,0,1,0,0,0,1,0
High School Musical 3: Senior Year,2008-10-11,117,252909177,0,1,1,0,1,0,1
The Expendables,2010-08-03,103,274470394,1,0,0,0,0,1,0
Justice League,2017-11-15,120,657926987,1,0,0,1,0,0,0
Ice Age,2002-03-10,81,383257136,1,0,1,0,0,0,1
The Recruit,2003-01-31,115,101191884,1,0,0,0,0,1,0
Night School,2018-09-27,111,33157615,0,0,1,0,0,0,0
Transformers: The Last Knight,2017-06-16,154,605425157,1,0,0,1,0,0,0
Tinker Tailor Soldier Spy,2011-09-16,127,80630608,0,1,0,0,0,1,0
The Vow,2012-02-05,104,196114570,0,1,0,0,1,0,0
The Girl on the Train,2016-10-05,112,173185859,0,1,0,0,0,1,0
Collateral,2004-08-04,120,220239925,0,1,0,0,0,1,0
Scooby-Doo 2: Monsters Unleashed,2004-03-24,93,181466833,1,0,1,1,0,1,0
Harry Potter and the Prisoner of Azkaban,2004-05-31,141,789804554,1,0,0,1,0,0,0
Lone Survivor,2013-12-24,121,149295601,1,1,0,0,0,0,1
The Predator,2018-09-05,107,160542134,1,0,0,1,0,0,0
The Terminal,2004-06-17,128,219417255,0,1,1,0,0,0,0
A Series of Unfortunate Events,2004-12-16,108,209073645,1,0,1,0,0,0,1
Hitch,2005-02-11,118,371600000,0,1,1,0,1,0,0
Spider-Man: Across the Spider-Verse,2023-05-31,140,683241751,1,0,0,0,0,0,1
Mean Girls,2004-04-30,97,130126277,0,0,1,0,0,0,0
Cinderella,2015-03-06,105,543514353,0,1,0,1,1,0,1
Let Him Go,2020-11-05,114,7997460,0,1,0,0,0,1,1
Pokémon: Detective Pikachu,2019-05-03,105,449762638,1,0,0,1,0,0,0
Flightplan,2005-09-22,98,223387299,0,1,0,0,0,1,0
Jackass: The Movie,2002-10-25,88,64282312,0,0,1,0,0,0,1
Eight Below,2006-02-17,120,120455994,1,1,0,0,0,0,1
Gulliver's Travels,2010-12-23,85,237382724,1,0,1,1,0,0,1
Yes Man,2008-12-09,104,223241637,0,0,1,0,1,0,0
Angel Has Fallen,2019-08-21,122,146661977,1,0,0,0,0,1,0
The Dark Knight Rises,2012-07-17,165,1081041287,1,1,0,0,0,1,0
Moana,2025-06-26,0,0,1,0,1,1,0,0,1
Big Momma's House 2,2006-01-26,99,138259062,0,0,1,0,0,1,0
Takers,2010-08-26,107,80205382,1,1,0,0,0,1,0
Furious 7,2015-04-01,137,1515341399,1,0,0,0,0,1,0
Alan Partridge,2013-07-24,90,9800000,0,0,1,0,0,0,0
Boo 2! A Madea Halloween,2017-10-20,103,48333932,0,0,1,0,0,1,0
Lucy,2014-07-25,89,458863600,1,0,0,1,0,0,0
Stan & Ollie,2018-12-28,98,24420923,0,1,1,0,0,0,0
Taylor Swift: The Eras Tour,2023-10-13,169,203400000,0,0,0,0,0,0,1
"10,000 BC",2008-03-04,109,269784201,1,1,0,1,0,0,0
Harry Potter and the Order of the Phoenix,2007-07-08,138,938212738,1,0,0,1,0,0,0
I Now Pronounce You Chuck & Larry,2007-07-12,115,187134117,0,0,1,0,1,0,0
Star Wars: Episode VII - The Force Awakens,2015-12-15,136,2068223624,1,0,0,1,0,0,0
Hulk,2003-06-19,138,245360480,1,0,0,1,0,0,0
Are We There Yet?,2005-01-20,95,97918663,1,0,1,0,1,0,1
The Social Network,2010-10-01,121,224920315,0,1,0,0,0,0,0
Gran Turismo,2023-08-09,135,114800000,1,1,0,0,0,0,0
Megamind,2010-10-28,96,321885765,1,0,1,1,0,0,1
The Da Vinci Code,2006-05-17,149,767820459,0,0,0,0,0,1,0
Transformers,2007-06-27,143,709709780,1,0,0,1,0,0,0
Gone Girl,2014-10-01,149,369330363,0,1,0,0,0,1,0
Bend It Like Beckham,2002-04-11,112,76578641,0,1,1,0,1,0,0
The Huntsman: Winter's War,2016-04-06,114,164989338,1,1,0,0,0,0,0
Darkest Hour,2017-11-22,125,150847207,0,1,0,0,0,0,1
Man on Fire,2004-04-23,146,130293714,1,1,0,0,0,1,0
Sahara,2005-04-06,124,119269486,1,1,1,0,0,1,0
Men in Black 3,2012-05-23,106,624026776,1,0,1,1,0,0,0
Swallow,2020-01-15,96,274674,0,1,0,0,0,1,0
Pirates of the Caribbean: On Stranger Tides,2011-05-15,137,1045713802,1,0,0,1,0,0,0
Star Wars: Episode III - Revenge of the Sith,2005-05-17,140,850000000,1,0,0,1,0,0,0
Mission: Impossible III,2006-04-25,126,398479497,1,0,0,0,0,1,0
Jigsaw,2017-10-25,92,102952888,0,0,0,0,0,1,0
Casino Royale,2006-11-14,144,599045960,1,0,0,0,0,1,0
Underworld: Evolution,2006-01-12,106,111476513,1,0,0,1,0,1,0
Harry Potter and the Goblet of Fire,2005-11-16,157,895921036,1,0,0,1,0,0,0
Toy Story 4,2019-06-19,100,1073394593,1,0,1,1,0,0,1
Ocean's Thirteen,2007-06-05,122,311312624,0,0,0,0,0,1,0
A Quiet Place,2018-04-03,91,341000000,0,1,0,1,0,1,0
The Grand Budapest Hotel,2014-02-26,100,174600318,0,1,1,0,0,0,0
Paranormal Activity 2,2010-10-20,91,177512032,0,0,0,0,0,1,0
3:10 to Yuma,2007-09-06,122,70016220,0,0,0,0,0,0,1
Titanic,1997-11-18,194,2264162353,0,1,0,0,1,0,0
Dune,2021-09-15,155,402027830,1,0,0,1,0,0,0
Just Married,2003-01-08,95,101564935,0,0,1,0,1,0,0
Barbarian,2022-09-08,103,45352337,0,0,0,0,0,1,0
Onward,2020-02-29,103,141940042,1,0,1,1,0,0,1
Bohemian Rhapsody,2018-10-24,135,903992901,0,1,0,0,0,0,1
Taken,2008-02-18,94,226830568,1,0,0,0,0,1,0
Goosebumps,2015-08-05,103,158162788,1,0,1,0,0,1,0
The Ring Two,2005-03-10,110,161451538,0,1,0,0,0,1,0
Alien vs. Predator,2004-08-12,101,177427090,1,0,0,1,0,1,0
The Other Woman,2014-04-16,109,196781193,0,0,1,0,1,0,0
Spider-Man: Into the Spider-Verse,2018-12-06,117,375464627,1,0,0,1,0,0,1
The Exorcist: Believer,2023-10-04,111,120700000,0,0,0,0,0,1,0
The Haunted Mansion,2003-11-26,88,182290266,0,0,1,1,0,1,1
Little Women,2019-12-25,135,216601214,0,1,0,0,1,0,0
Men in Black: International,2019-06-12,115,253890701,1,0,1,1,0,0,0
X-Men Origins: Wolverine,2009-04-28,107,373062864,1,0,0,1,0,1,0
True History of the Kelly Gang,2019-11-23,124,471152,0,1,0,0,0,1,1
The Heat,2013-06-27,117,158674180,1,0,1,0,0,1,0
Mamma Mia!,2008-07-03,108,609841637,0,0,1,0,1,0,0
Star Trek,2009-05-06,127,385680446,1,0,0,1,0,0,0
Fighting with My Family,2019-02-14,108,39055536,0,0,1,0,0,0,0
Pacific Rim: Uprising,2018-03-21,111,290061297,1,0,0,1,0,0,0
John Wick: Chapter 4,2023-03-22,170,426978565,1,0,0,0,0,1,0
See How They Run,2022-09-09,98,21921551,0,0,1,0,0,1,0
The Bourne Supremacy,2004-07-23,108,288500217,1,1,0,0,0,1,0
The House with a Clock in Its Walls,2018-09-15,105,131523093,0,0,1,1,0,0,1
Exodus: Gods and Kings,2014-12-03,150,268031828,1,1,0,0,0,0,0
This Is It,2009-10-28,111,261200000,0,0,0,0,0,0,1
Children of Men,2006-09-22,109,70595464,1,1,0,1,0,1,0
About Time,2013-09-04,123,87100449,0,1,0,1,1,0,0
Don't Breathe,2016-06-08,89,159047649,0,0,0,0,0,1,0
Why Did I Get Married?,2007-10-12,113,55184721,0,1,1,0,0,0,0
Ant-Man and the Wasp: Quantumania,2023-02-15,125,476071180,1,0,0,1,0,0,0
The Bank Job,2008-02-28,112,64828421,0,1,0,0,0,1,0
Sherlock Holmes: A Game of Shadows,2011-11-22,129,334615000,1,0,0,0,0,1,0
Don't Worry Darling,2022-09-21,123,86669039,0,1,0,0,0,1,0
Kangaroo Jack,2003-01-17,89,0,1,0,1,0,0,1,1
Mrs. Brown's Boys D'Movie,2014-06-27,94,23000000,0,0,1,0,0,0,0
Death on the Nile,2022-02-09,127,137307235,0,0,0,0,0,1,0
30 Days of Night,2007-10-17,113,75505973,0,0,0,0,0,1,0
G-Force,2009-07-24,88,292817841,1,0,1,1,0,0,1
Jackass Forever,2022-02-01,96,80340218,0,0,1,0,0,0,1
Black Adam,2022-10-19,124,393252111,1,0,0,1,0,0,0
True Grit,1969-06-11,128,31132592,0,0,0,0,0,0,1
Paul Blart: Mall Cop,2009-01-15,91,183293131,1,0,1,0,0,0,1
The Hunger Games,2012-03-12,142,694394724,1,0,0,1,0,0,0
Knowing,2009-03-19,121,155446362,1,0,0,1,0,1,0
Warm Bodies,2013-01-31,97,116980662,0,0,1,0,1,1,0
The Village,2004-07-30,108,256697520,0,1,0,0,0,1,0
Puss in Boots,2011-10-27,90,554987477,1,0,1,1,0,0,1
Charlie's Angels: Full Throttle,2003-06-27,106,259175788,1,0,1,0,0,0,0
Twilight,2008-11-20,122,393616788,0,1,0,1,1,0,0
Green Lantern,2011-06-14,114,219851172,1,0,0,1,0,1,0
300: Rise of an Empire,2014-03-05,102,337580051,1,1,0,0,0,0,1
50 First Dates,2004-02-13,99,196482882,0,0,1,0,1,0,0
Bolt,2008-11-21,98,309979994,1,0,1,0,0,0,1
Come Play,2020-10-28,96,8119285,0,0,0,0,0,1,0
It Chapter Two,2019-09-04,169,473122525,0,0,0,1,0,1,0
S.W.A.T.,2003-08-08,117,207725639,1,0,0,0,0,1,0
Dawn of the Dead,2004-03-19,101,102278712,1,0,0,0,0,1,0
Prisoners,2013-09-19,153,122126687,0,1,0,0,0,1,0
42,2013-04-12,128,95020213,0,1,0,0,0,0,0
Fast & Furious Presents: Hobbs & Shaw,2019-08-01,137,760098996,1,0,1,0,0,0,0
The Guru,2002-08-21,91,0,0,0,1,0,1,0,0
Spider-Man: Homecoming,2017-07-05,133,880166924,1,1,0,1,0,0,0
Peter Rabbit 2: The Runaway,2021-03-25,93,153000000,1,0,1,1,0,0,1
The Inbetweeners,2011-08-19,97,88823111,0,0,1,0,0,0,0
Jungle Cruise,2021-07-28,127,220889446,1,0,0,1,0,0,0
Mamma Mia! Here We Go Again,2018-07-09,113,395044706,0,0,1,0,1,0,0
Ride Along,2014-01-07,99,153997819,1,0,1,0,0,0,0
Once Upon a Time in Mexico,2003-09-11,102,98185582,1,1,0,0,0,1,0
Hostel,2006-01-06,94,81979826,0,0,0,0,0,1,0
The Proposal,2009-06-01,108,317375031,0,1,1,0,1,0,0
Real Steel,2011-09-28,127,299268508,1,1,0,1,0,0,0
Billy Elliot,2000-09-28,110,109280263,0,1,1,0,0,0,1
Good Luck Chuck,2007-09-21,101,59768495,0,0,1,0,1,0,0
Hot Fuzz,2007-02-14,121,80573774,1,0,1,0,0,1,0
Insidious: The Red Door,2023-07-05,107,185582093,0,0,0,0,0,1,0
Assassin's Creed,2016-12-21,116,240697856,1,0,0,1,0,0,0
Coco,2017-10-27,105,800526015,1,0,1,1,0,0,1
2 Fast 2 Furious,2003-06-05,108,236350661,1,0,0,0,0,1,0
The Green Hornet,2011-01-12,119,227817248,1,0,1,0,0,1,0
The Game Plan,2007-09-28,110,147880543,0,0,1,0,0,0,1
Obsessed,2009-02-26,108,73830340,0,1,0,0,0,1,0
Resistance,2020-03-27,120,449753,0,1,0,0,0,0,1
The Princess and the Frog,2009-12-08,98,270997378,0,0,0,0,1,0,1
Shark Tale,2004-09-20,90,367275019,1,0,1,0,0,0,1
The Invisible Man,2020-02-26,124,144492724,0,0,0,1,0,1,0
2 Guns,2013-08-02,109,131940411,1,0,1,0,0,1,0
Star Wars: Episode VIII - The Last Jedi,2017-12-13,152,1332698830,1,0,0,1,0,0,0
Star Wars: Episode IX - The Rise of Skywalker,2019-12-18,142,1074144248,1,0,0,1,0,0,0
The Upside,2019-01-10,126,125000000,0,1,1,0,0,0,0
John Wick: Chapter 3 - Parabellum,2019-05-15,131,326709727,1,0,0,0,0,1,0
Toy Story 3,2010-06-16,103,1066969703,0,0,1,0,0,0,1
Chronicle,2012-02-01,84,145000000,0,1,0,1,0,1,0
Kung Fu Panda 2,2011-05-25,91,665692281,0,0,0,0,0,0,1
The Nun,2018-09-05,96,365582797,0,0,0,0,0,1,0
New Year's Eve,2011-12-08,118,142044638,0,0,1,0,1,0,0
Jarhead,2005-11-04,123,97076152,0,1,0,0,0,0,1
Mr. Bean's Holiday,2007-03-22,90,232225908,0,0,1,0,0,0,1
Oz the Great and Powerful,2013-03-07,130,491868548,1,0,0,1,0,0,1
The Lorax,2012-03-01,86,348840316,0,0,0,0,0,0,1
The Wolverine,2013-07-23,126,415440673,1,0,0,1,0,0,0
Deadpool,2016-02-09,108,783100000,1,0,1,0,0,0,0
Avatar: The Way of Water,2022-12-14,192,2320250281,1,0,0,1,0,0,0
The Hunger Games: Catching Fire,2013-11-15,146,865011746,1,0,0,1,0,0,0
21,2008-03-27,123,159808370,0,1,0,0,0,1,0
The Secret Garden,2020-07-08,99,889816,0,1,0,1,0,0,1
Jackass Presents: Bad Grandpa,2013-10-22,92,151831537,0,0,1,0,0,0,0
Iron Man 2,2010-04-28,124,623933331,1,0,0,1,0,0,0
The War with Grandpa,2020-08-27,98,43387445,0,0,1,0,0,0,1
You Got Served,2004-01-30,95,0,0,1,0,0,0,0,1
The Grey,2012-01-26,117,77278331,1,1,0,0,0,1,0
The Rundown,2003-09-26,104,80916492,1,0,1,0,0,1,0
The Pink Panther,2006-02-10,93,158851357,1,0,1,0,0,1,1
The Martian,2015-09-30,141,630600000,1,1,0,1,0,0,0
The Day After Tomorrow,2004-05-26,124,552639571,1,0,0,1,0,1,0
Abominable,2019-09-19,97,190304772,1,0,1,0,0,0,1
Rise of the Planet of the Apes,2011-08-03,105,482860185,1,1,0,1,0,1,0
The Break-Up,2006-06-01,106,205668210,0,0,1,0,1,0,0
John Carter,2012-03-07,132,284139100,1,0,0,1,0,0,0
The Amityville Horror,2005-04-14,90,108100000,0,0,0,0,0,1,0
The Flash,2023-06-13,144,268375616,1,0,0,1,0,0,0
Incredibles 2,2018-06-14,118,1242805359,1,0,0,0,0,0,1
Ride Along 2,2016-01-14,102,124827316,1,0,1,0,0,0,0
Honest Thief,2020-09-03,99,31220247,1,1,0,0,0,1,0
The Chronicles of Narnia: The Voyage of the Dawn Treader,2010-12-02,113,415686217,1,0,0,1,0,0,1
Mr. Peabody & Sherman,2014-02-07,92,272912430,1,0,0,0,0,0,1
Freaky,2020-11-12,102,15104310,0,0,1,1,0,1,0
The Lego Batman Movie,2017-02-08,104,311950384,1,0,1,0,0,0,1
Black Hawk Down,2001-12-28,145,172989651,1,0,0,0,0,0,1
Rango,2011-03-02,107,245724603,1,0,1,0,0,0,1
Wedding Crashers,2005-07-13,119,288485135,0,0,1,0,1,0,0
State of Play,2009-04-17,127,87812371,0,0,0,0,0,1,0
Serenity,2005-09-25,119,38869464,1,0,0,1,0,1,0
Demon Slayer: Kimetsu no Yaiba - The Movie: Mugen Train,2020-10-16,117,503063688,1,0,0,1,0,1,1
Bruce Almighty,2003-05-23,101,484592874,0,0,1,1,0,0,0
Van Helsing,2004-05-03,132,300257475,1,0,0,0,0,1,0
The Hunger Games: Mockingjay - Part 1,2014-11-19,123,755356711,1,0,0,1,0,1,0
Kingdom of Heaven,2005-05-03,144,218122627,1,1,0,0,0,0,1
Silent Hill,2006-04-21,125,100605135,0,0,0,0,0,1,0
The Expendables 2,2012-08-08,103,314975955,1,0,0,0,0,1,0
Ice Age: Collision Course,2016-06-23,95,408579038,1,0,1,0,0,0,1
The Passion of the Christ,2004-02-25,127,611900000,0,1,0,0,0,0,0
Shrek 2,2004-05-19,93,928760770,1,0,1,1,0,0,1
Neighbors,2014-05-08,97,270665134,0,0,1,0,0,0,0
The Grinch,2018-11-08,85,508575295,0,0,1,1,0,0,1
The Lion King,2019-07-12,118,1663075401,1,1,0,0,0,0,1
The Nun II,2023-09-06,110,262010000,0,0,0,0,0,1,0
The Hobbit: The Desolation of Smaug,2013-12-11,161,958400000,1,0,0,1,0,0,0
A Star Is Born,2018-10-03,136,433888866,0,1,0,0,1,0,1
Daredevil,2003-02-14,103,179179718,1,0,0,1,0,0,0
King Kong,2005-12-12,187,562363449,1,1,0,0,0,0,0
Hero,1992-10-02,117,0,0,1,1,0,0,0,0
PAW Patrol: The Mighty Movie,2023-09-21,92,166600000,1,0,0,1,0,0,1
Deadpool 2,2018-05-10,120,785896609,1,0,1,0,0,0,0
Mission: Impossible - Rogue Nation,2015-07-23,131,682716636,1,0,0,0,0,0,0
The Hitchhiker's Guide to the Galaxy,2005-04-28,109,104478416,1,0,1,1,0,0,0
Pride & Prejudice,2005-09-16,127,121616555,0,1,0,0,1,0,0
Battle Los Angeles,2011-03-08,116,211819354,1,0,0,1,0,0,0
Where the Wild Things Are,2009-10-16,101,100140916,1,1,0,1,0,0,1
Tangled,2010-11-24,100,592461732,0,0,0,0,0,0,1
Olympus Has Fallen,2013-03-20,120,170270201,1,0,0,0,0,1,0
Think Like a Man,2012-04-20,122,96070507,0,0,1,0,1,0,0
Argo,2012-10-11,120,232325503,0,1,0,0,0,1,0
Jurassic World,2015-06-06,124,1671537444,1,0,0,1,0,1,0
The Forgotten,2004-09-24,91,117592831,0,1,0,1,0,1,0
Sonic the Hedgehog 2,2022-04-08,123,405421518,1,0,1,0,0,0,1
Candyman,2021-08-25,91,77411570,0,0,0,0,0,1,0
Paranormal Activity 3,2011-10-19,83,207039844,0,0,0,0,0,1,0
Maleficent,2014-05-28,97,758539785,1,0,0,1,1,0,1
The Hills Have Eyes,2006-03-10,107,69623713,0,0,0,0,0,1,0
The Equalizer 2,2018-07-19,121,190400157,1,0,0,0,0,1,0
District 9,2009-08-05,112,210819611,0,0,0,1,0,0,0
Scream,1996-12-20,112,173046663,0,0,0,0,0,1,0
The Secret Life of Pets,2016-06-18,86,875457937,1,0,1,0,0,0,1
Divergent,2014-03-14,139,288885818,1,0,0,1,0,0,0
Two Weeks Notice,2002-12-19,101,199043242,0,0,1,0,1,0,0
Glass,2019-01-16,129,246999039,0,1,0,1,0,1,0
Saw IV,2007-10-25,93,139352633,0,0,0,0,0,1,0
The Woman in Black,2012-02-03,95,127730736,0,1,0,0,0,1,0
Dolittle,2020-01-02,101,251410631,1,0,1,1,0,0,1
Invincible,2006-08-25,105,57806952,0,1,0,0,0,0,1
The Lord of the Rings: The Two Towers,2002-12-18,179,926287400,1,0,0,1,0,0,0
Mission: Impossible - Fallout,2018-07-13,147,791657398,1,0,0,0,0,0,0
Hop,2011-03-30,95,183953723,0,0,1,0,0,0,1
Identity Thief,2013-02-07,111,173965010,0,0,1,0,0,1,0
Cloverfield,2008-01-15,85,170764026,1,0,0,1,0,1,0
Elysium,2013-08-07,109,286140700,1,1,0,1,0,1,0
I Am Legend,2007-12-12,101,585410052,0,1,0,1,0,1,0
Godzilla,2014-05-14,123,529076069,1,1,0,1,0,0,0
Ocean's Eleven,2001-12-07,116,450717150,0,0,0,0,0,1,0
Tom & Jerry,2021-02-10,101,136536687,0,0,1,0,0,0,1
Jackass 3D,2010-10-15,99,117224271,1,0,1,0,0,0,1
Solo: A Star Wars Story,2018-05-15,135,392952373,1,0,0,1,0,0,0
Kick-Ass,2010-03-22,117,96188903,1,0,0,0,0,1,0
Barbershop 2: Back in Business,2004-01-20,106,65070412,0,1,1,0,0,0,0
The Lord of the Rings: The Fellowship of the Ring,2001-12-18,179,871368364,1,0,0,1,0,0,0
The Simpsons Movie,2007-07-25,87,527068851,0,0,1,0,0,0,1
Paranormal Activity,2007-09-14,86,193355800,0,0,0,0,0,1,0
The Fast and the Furious: Tokyo Drift,2006-06-03,104,158964610,1,1,0,0,0,1,0
Sex and the City,2008-05-12,145,418765519,0,1,1,0,1,0,0
The SpongeBob Movie: Sponge on the Run,2020-08-14,95,4700000,1,0,1,1,0,0,1
Ghostbusters: Afterlife,2021-11-11,124,191000000,1,0,1,1,0,0,0
Fifty Shades Freed,2018-01-17,105,368307760,0,1,0,0,1,0,0
Mona Lisa Smile,2003-12-19,117,0,0,1,0,0,1,0,1
Halloween Ends,2022-10-12,111,104361355,0,0,0,0,0,1,0
Madagascar: Escape 2 Africa,2008-10-30,89,603900354,1,0,1,0,0,0,1
The Santa Clause 2,2002-10-31,104,172842355,0,0,1,1,0,0,1
Captain Marvel,2019-03-06,124,1131416446,1,0,0,1,0,0,0
The Marksman,2021-01-15,108,23076711,1,0,0,0,0,0,0
Knock at the Cabin,2023-02-01,100,54708659,0,0,0,0,0,1,0
Paul,2011-02-14,104,97984015,1,0,1,1,0,0,0
Ghost Rider,2007-01-15,114,228738393,1,0,0,1,0,1,0
Mr. & Mrs. Smith,2005-06-07,120,487287646,1,1,1,0,0,1,0
The Invitation,2022-08-24,105,33628000,0,0,0,0,0,1,0
Elemental,2023-06-14,102,490797988,0,0,1,1,1,0,1
Darkness Falls,2003-01-24,86,0,0,0,0,0,0,1,0
Space Jam: A New Legacy,2021-07-08,115,163692228,0,0,1,1,0,0,1
Rio 2,2014-03-19,101,500188435,1,0,1,0,0,0,1
Hitman's Wife's Bodyguard,2021-06-14,117,70060492,1,0,1,0,0,1,0
White Noise,2005-01-07,101,91196419,0,1,0,0,0,1,0
Last Christmas,2019-11-07,102,121550750,0,0,1,0,1,0,0
X-Men: Days of Future Past,2014-05-15,132,747862775,1,0,0,1,0,0,0
Identity,2003-04-25,90,90259536,0,0,0,0,0,1,0
Dredd,2012-09-07,95,41037742,1,0,0,1,0,0,0
RV,2006-04-28,99,87528173,0,0,1,0,0,0,1
The Inbetweeners 2,2014-08-06,96,0,0,0,1,0,0,0,0
Red Dragon,2002-10-02,124,209196298,0,0,0,0,0,1,0
Ocean's Twelve,2004-12-09,125,362744280,0,0,0,0,0,1,0
Cheaper by the Dozen,2022-03-18,107,0,0,0,1,0,0,0,1
The Twilight Saga: Breaking Dawn - Part 2,2012-11-13,115,829747654,1,1,0,1,1,0,0
Wonder Woman 1984,2020-12-16,151,169601036,1,0,0,1,0,0,0
Starsky & Hutch,2004-03-05,101,170268750,0,0,1,0,0,1,0
Finding Nemo,2003-05-30,100,940335536,0,0,0,0,0,0,1
House of Gucci,2021-11-24,158,153235995,0,1,0,0,0,1,1
Non-Stop,2014-02-26,106,222809600,1,0,0,0,0,1,0
The Maze Runner,2014-09-10,113,348319861,1,0,0,1,0,1,0
Funny People,2009-07-30,146,71585235,0,1,1,0,0,0,0
Harry Potter and the Deathly Hallows: Part 2,2011-07-12,130,1341511219,1,0,0,1,0,0,0
Open Water,2003-10-26,79,54667954,0,1,0,0,0,1,0
Elvis,2022-06-22,159,288670284,0,1,0,0,0,0,1
Guardians of the Galaxy,2023-05-03,150,845430302,1,0,0,1,0,0,0
Venom,2018-09-28,112,856085151,1,0,0,1,0,0,0
Date Movie,2006-02-17,83,48548426,0,0,1,0,1,0,0
Sky Captain and the World of Tomorrow,2004-09-17,107,57958696,1,0,0,1,0,1,0
2012,2009-10-10,158,791217826,1,0,0,1,0,0,0
The Day the Earth Stood Still,2008-12-10,104,233093859,0,1,0,1,0,1,0
Bullet Train,2022-08-03,126,239268602,1,0,1,0,0,1,0
Dumb and Dumber To,2014-11-12,110,169837010,0,0,1,0,0,0,0
Sonic the Hedgehog,2020-02-12,99,319715683,1,0,1,1,0,0,1
Harry Potter and the Chamber of Secrets,2002-11-13,161,876688482,1,0,0,1,0,0,0
Evan Almighty,2007-06-09,96,174440724,0,0,1,1,0,0,1
Snow White and the Huntsman,2012-05-30,127,396600000,1,1,0,1,0,0,0
War of the Worlds,2005-06-28,117,603873119,1,0,0,1,0,1,0
Star Trek Beyond,2016-07-07,122,343471816,1,0,0,1,0,0,0
"Phoenix, Oregon",2019-04-11,112,0,0,0,1,0,0,0,0
The Meg,2018-08-09,113,530517320,1,0,0,1,0,1,0
Terminator Salvation,2009-05-20,115,371353001,1,0,0,1,0,1,0
Pineapple Express,2008-08-06,111,101624843,1,0,1,0,0,1,0
Indiana Jones and the Dial of Destiny,2023-06-28,155,382891104,1,0,0,0,0,0,0
Frozen,2013-11-20,102,1274219009,1,0,0,1,0,0,1
The Final Destination,2009-08-26,82,186167139,0,0,0,0,0,1,0
Madagascar 3: Europe's Most Wanted,2012-06-06,93,746921274,1,0,1,0,0,0,1
Les Misérables,1982-10-20,220,0,0,1,0,0,0,0,1
Two by Two: Overboard!,2020-09-24,85,0,1,0,1,0,0,0,1
Unknown,2011-02-16,113,130786397,1,0,0,0,0,1,0
Fantastic Four: Rise of the Silver Surfer,2007-06-13,92,301913131,1,0,0,1,0,1,0
Sex and the City 2,2010-05-26,146,290745055,0,1,1,0,1,0,0
The Fate of the Furious,2017-04-12,136,1236005118,1,0,0,0,0,1,0
Shang-Chi and the Legend of the Ten Rings,2021-09-01,132,432243292,1,0,0,1,0,0,0
How to Lose a Guy in 10 Days,2003-02-07,116,177502387,0,0,1,0,1,0,0
WALL·E,2008-06-22,98,521311860,0,0,0,1,0,0,1
Star Trek Into Darkness,2013-05-05,132,467365246,1,0,0,1,0,0,0
Oblivion,2013-04-10,124,286168572,1,0,0,1,0,1,0
The Amazing Spider-Man,2012-06-23,136,757930663,1,0,0,1,0,0,0
Resident Evil: Apocalypse,2004-09-10,94,129394835,1,0,0,1,0,1,0
Five Nights at Freddy's,2023-10-25,110,132700000,0,0,0,0,0,1,0
Transformers: Revenge of the Fallen,2009-06-19,149,836303693,1,0,0,1,0,0,0
The Butler,2013-08-16,132,115922175,0,1,0,0,0,0,0
Night at the Museum: Battle of the Smithsonian,2009-05-20,105,413106170,1,0,1,1,0,0,1
Avengers: Infinity War,2018-04-25,149,2052415039,1,0,0,1,0,0,0
The Conjuring 2,2016-06-08,134,321834351,0,0,0,0,0,1,0
The Dark Tower,2017-08-03,95,113231078,1,0,0,1,0,0,0
La La Land,2016-11-29,129,447407695,0,1,1,0,1,0,1
ParaNorman,2012-08-03,90,107139399,1,0,1,0,0,0,1
Terminator 3: Rise of the Machines,2003-07-02,109,435000000,1,0,0,1,0,1,0
The Chronicles of Narnia: Prince Caspian,2008-05-15,150,419665568,1,0,0,1,0,0,1
Beauty and the Beast,1991-10-22,84,424967620,0,0,0,1,1,0,1
Vanilla Sky,2001-12-10,136,203388341,0,1,0,1,1,1,0
Brüno,2009-07-08,83,138805831,0,0,1,0,0,0,0
I Can Do Bad All by Myself,2009-09-11,113,0,0,1,1,0,0,0,0
The Interpreter,2005-04-08,128,162944923,0,0,0,0,0,1,0
Blue Beetle,2023-08-16,128,128563796,1,0,0,1,0,0,0
Midway,2019-11-06,138,127420861,1,1,0,0,0,0,1
Blade II,2002-03-22,117,155010032,1,0,0,1,0,1,0
American Made,2017-08-18,115,133511855,1,1,1,0,0,1,0
Max Payne,2008-10-15,100,85416905,1,1,0,0,0,1,0
A Good Day to Die Hard,2013-02-06,98,304654182,1,0,0,0,0,1,0
Wall Street: Money Never Sleeps,2010-09-20,133,134748021,0,1,0,0,0,1,0
The Bourne Ultimatum,2007-08-03,115,442824138,1,1,0,0,0,1,0
Bangkok Dangerous,2001-09-22,99,42487390,1,0,0,0,0,1,0
The Cat in the Hat,2003-11-21,81,133800000,1,0,1,1,0,0,1
Everest,2015-09-10,121,203427584,1,1,0,0,0,0,1
Inside Out,2015-06-09,95,857611174,1,1,1,0,0,0,1
Free Guy,2021-08-11,115,331526598,1,0,1,1,0,0,0
Alien: Covenant,2017-05-09,122,240891763,0,0,0,1,0,1,0
Ouija,2014-10-24,89,103590271,0,0,0,0,0,1,0
Fast & Furious,2019-08-01,137,760098996,1,0,1,0,0,0,0
American Sniper,2014-12-25,133,542307423,1,0,0,0,0,0,1
Doctor Strange,2016-10-25,115,676343174,1,0,0,1,0,0,0
Abraham Lincoln: Vampire Hunter,2012-06-20,105,116471580,1,0,0,1,0,1,0
Panic Room,2002-03-29,111,197079546,0,1,0,0,0,1,0
Nobody,2021-03-18,92,61779301,1,0,0,0,0,1,0
Marley & Me,2008-12-25,115,255743093,0,0,1,0,0,0,1
Mortal Kombat,2023-10-17,80,0,1,0,0,1,0,0,1
Dunkirk,2017-07-19,107,527000000,1,1,0,0,0,0,1
Prom Night,1980-07-18,92,14796236,0,0,0,0,0,1,0
Zootopia,2016-02-11,109,1023784195,1,0,1,0,0,0,1
Star Wars: Episode V - The Empire Strikes Back,1980-05-20,124,538400000,1,0,0,1,0,0,0
Ant-Man and the Wasp,2023-02-15,125,476071180,1,0,0,1,0,0,0
Batman Begins,2005-06-10,140,374218673,1,1,0,0,0,1,0
Ice Age: Dawn of the Dinosaurs,2009-06-26,94,886686817,1,0,1,0,0,0,1
Jumanji: The Next Level,2019-12-04,123,801693929,1,0,1,1,0,0,0
Straight Outta Compton,2015-08-11,147,201634991,0,1,0,0,0,0,1
Beast,2022-08-11,93,56000000,1,0,0,0,0,1,0
Elf,2003-10-09,97,225097437,0,0,1,1,0,0,1
Diary of a Wimpy Kid: Rodrick Rules,2011-03-25,99,72526996,0,0,1,0,0,0,1
Signs,2002-08-02,106,408247917,0,1,0,1,0,1,0
Frozen II,2019-11-20,103,1450000000,1,0,1,1,0,0,1
Teenage Mutant Ninja Turtles: Out of the Shadows,2016-06-01,112,245623848,1,0,1,1,0,0,1
Mission: Impossible - Ghost Protocol,2011-12-07,133,694713380,1,0,0,0,0,1,0
Top Gun: Maverick,2022-05-24,131,1488732821,1,1,0,0,0,0,0
xXx,2002-08-09,124,277448382,1,0,0,0,0,1,0
Blades of Glory,2007-03-30,93,118200000,0,0,1,0,0,0,0
Need for Speed,2014-03-12,132,203277636,1,1,0,0,0,1,0
Rise of the Guardians,2012-11-21,97,306941670,1,0,0,1,0,0,1
Wimbledon,2004-09-13,98,41512007,0,0,1,0,1,0,0
Guardians of the Galaxy Vol. 2,2017-04-19,137,863756051,1,0,0,1,0,0,0
Man of Steel,2013-06-12,143,668045518,1,0,0,1,0,0,0
Madagascar,2005-05-25,86,542063846,1,0,1,0,0,0,1
Date Night,2010-04-08,97,152263880,1,0,1,0,0,0,0
Texas Chainsaw,2003-05-21,98,107363905,0,0,0,0,0,1,0
Gran Torino,2008-12-12,116,269958228,0,1,0,0,0,0,0
The Twilight Saga: Breaking Dawn - Part 1,2011-11-16,117,712171856,1,0,0,1,1,0,0
The Perfect Guy,2015-09-11,100,60273173,0,0,0,0,0,1,0
Kong: Skull Island,2017-03-08,118,566652812,1,0,0,1,0,0,0
Roald Dahl's Matilda the Musical,2022-11-25,117,35602350,0,0,1,1,0,0,1
Disturbia,2007-04-12,105,117760134,0,1,0,0,0,1,0
"Monsters, Inc.",2001-11-01,92,579707738,0,0,1,0,0,0,1
Tropic Thunder,2008-08-09,107,195702811,1,0,1,0,0,0,1
Warcraft,2016-05-25,123,433677183,1,0,0,1,0,0,0
Captain Phillips,2013-10-10,134,218791811,1,1,0,0,0,1,0
The Pacifier,2005-03-04,95,198636868,1,0,1,0,0,0,1
Ticket to Paradise,2022-09-08,104,168763270,0,0,1,0,1,0,0
Collateral Damage,2002-02-06,108,78382433,1,1,0,0,0,1,0
The Hunger Games: Mockingjay - Part 2,2015-11-18,137,653428261,1,0,0,1,0,0,0
Boogeyman,2005-02-04,89,67192859,0,1,0,0,0,1,0
Scream 4,2011-04-11,111,97231420,0,0,0,0,0,1,0
Home Alone,2021-11-12,93,0,0,0,1,0,0,1,1
Fantastic Beasts: The Crimes of Grindelwald,2018-11-14,134,654855901,1,0,0,1,0,0,1
How to Lose Friends & Alienate People,2008-10-02,110,17286299,0,1,1,0,1,0,0
Hall Pass,2011-02-25,105,83200000,0,0,1,0,1,0,0
The Adventures of Tintin,2011-10-24,107,373993951,1,0,0,0,0,1,1
Transformers: Age of Extinction,2014-06-25,165,1104054072,1,0,0,1,0,0,0
Sully,2016-09-07,96,240797623,0,1,0,0,0,0,1
Head of State,2003-03-28,95,37788228,0,0,1,0,0,0,0
Four Brothers,2005-08-11,109,92374674,1,0,0,0,0,1,0
Role Models,2008-11-07,99,92380927,0,0,1,0,0,0,0
Christopher Robin,2018-08-02,104,99138899,1,0,1,1,0,0,1
No Time to Die,2021-09-29,163,774153007,1,1,0,0,0,1,0
Wallace & Gromit: The Curse of the Were-Rabbit,2005-09-04,85,192610372,1,0,1,0,0,0,1
The Croods,2013-03-15,98,587204668,1,0,1,1,0,0,1
The Hangover,2009-06-02,100,469310836,0,0,1,0,0,0,0
The American,2010-08-31,104,67876281,0,1,0,0,0,1,0
Sweeney Todd: The Demon Barber of Fleet Street,2007-12-20,116,152000000,0,1,0,0,0,1,0
The Dukes of Hazzard,2005-08-05,104,110803676,1,0,1,0,0,0,0
The Last Samurai,2003-12-05,154,456758981,1,1,0,0,0,0,1
The Conjuring,2013-07-18,112,320406242,0,0,0,0,0,1,0
Fred Claus,2007-11-09,116,97838349,1,1,1,0,0,0,0
Crazy Rich Asians,2018-08-15,121,238539198,0,1,1,0,1,0,0
Arthur Christmas,2011-11-10,97,0,0,1,1,0,0,0,1
Scary Movie 3,2003-10-24,84,220673217,0,0,1,0,0,0,0
The Grudge,2019-12-31,93,42800000,0,0,0,0,0,1,0
School of Rock,2003-10-03,110,131095990,0,0,1,0,0,0,1
The Roommate,2011-02-04,91,52545707,0,1,0,0,0,1,0
Baby Mama,2008-04-25,99,64444713,0,0,1,0,0,0,0
Hotel Transylvania 2,2015-09-21,89,473226958,0,0,1,1,0,0,1
Inception,2010-07-15,148,825532764,1,0,0,1,0,0,0
Valentine's Day,2010-02-10,125,216485654,0,0,1,0,1,0,0
Despicable Me,2010-07-08,95,533679475,0,0,1,0,0,0,1
Spectre,2015-10-26,148,880674609,1,0,0,0,0,1,0
The Dark Knight,2008-07-16,152,1004558444,1,1,0,0,0,1,0
Spiral,2019-07-14,87,0,0,0,0,0,0,1,0
Riddick,2013-09-02,119,98337295,1,0,0,1,0,1,0
Rio,2011-04-03,96,484635760,1,0,1,0,0,0,1
Zero Dark Thirty,2012-12-19,157,132820716,0,1,0,0,0,1,1
Fun with Dick and Jane,2005-12-21,90,202026112,0,0,1,0,0,0,0
Nope,2022-07-20,130,170823080,0,0,0,1,0,1,0
Doctor Strange in the Multiverse of Madness,2022-05-04,126,955775804,1,0,0,1,0,0,0
Get Out,2017-02-24,104,255407969,0,0,0,0,0,1,0
Tenet,2020-08-22,150,365304105,1,0,0,1,0,1,0
Ocean's Eight,2018-06-07,111,297718711,1,0,1,0,0,1,0
Monsters University,2013-06-19,104,743559607,0,0,0,0,0,0,1
Couples Retreat,2009-09-19,113,171844840,0,0,1,0,1,0,0
The Second Best Exotic Marigold Hotel,2015-02-26,122,85978266,0,1,1,0,0,0,0
War for the Planet of the Apes,2017-07-11,140,490719763,0,1,0,1,0,0,1
Teenage Mutant Ninja Turtles,2023-07-31,100,180000000,1,0,1,1,0,0,1
Glory Road,2006-01-13,118,42647449,0,1,0,0,0,0,1
Jurassic Park,1993-06-11,127,920100000,1,0,0,1,0,0,0
Trolls,2016-10-13,92,346864462,1,0,1,1,0,0,1
Birds of Prey,2020-02-05,108,205372791,1,0,0,0,0,1,0
Wrath of Man,2021-04-22,119,103966489,1,0,0,0,0,1,0
G.I. Joe: The Rise of Cobra,2009-08-03,118,302469017,1,0,0,1,0,1,0
Norbit,2007-02-08,102,159814490,0,0,1,0,0,0,0
Closer,2004-12-03,104,115505027,0,1,0,0,1,0,0
The Time Machine,2002-03-04,96,123729176,1,0,0,1,0,0,0
National Treasure: Book of Secrets,2007-12-13,124,459242249,1,0,0,0,0,1,0
Spider-Man: Far from Home,2019-06-28,129,1131927996,1,0,0,1,0,0,0
Madea's Family Reunion,2006-02-24,110,57231524,0,1,1,0,1,0,0
Battleship,2012-04-11,131,303025485,1,0,0,1,0,1,0
Mama,2013-01-17,100,146497771,0,0,0,0,0,1,0
Dreamgirls,2006-12-25,134,154937680,0,1,0,0,0,0,1
Captain America: The Winter Soldier,2014-03-20,136,714766572,1,0,0,1,0,0,0
Jumanji: Welcome to the Jungle,2017-12-09,119,995339117,1,0,1,1,0,0,0
Hidden Figures,2016-12-10,127,235956898,0,1,0,0,0,0,1
The Boxtrolls,2014-09-10,97,108255770,0,0,1,1,0,0,1
The Equalizer,2014-09-24,132,192330738,1,0,0,0,0,1,0
Happy Death Day,2017-10-12,97,125479266,0,0,1,0,0,1,0
Logan,2017-02-28,137,619021436,1,1,0,1,0,0,0
Godzilla vs. Kong,2021-03-24,114,470116094,1,0,0,1,0,1,0
Eagle Eye,2008-09-25,118,178800000,1,0,0,0,0,1,0
Iron Man 3,2013-04-18,130,1215577205,1,0,0,1,0,0,0
Bridget Jones: The Edge of Reason,2004-11-10,108,262500000,0,0,1,0,1,0,0
The Lego Movie,2014-02-06,100,469160692,1,0,1,1,0,0,1
The Fault in Our Stars,2014-05-16,126,307166834,0,1,0,0,1,0,0
Spider-Man: No Way Home,2021-12-15,148,1921847111,1,0,0,1,0,0,0
Magic Mike's Last Dance,2023-02-09,112,52000000,0,1,1,0,1,0,0
Cars 2,2011-06-11,106,559852396,1,0,1,0,0,0,1
Talladega Nights: The Ballad of Ricky Bobby,2006-08-04,108,162966177,0,0,1,0,0,0,0
The Brave One,2007-09-12,122,69766619,0,1,0,0,0,1,0
Guess Who,2005-03-25,105,103121466,0,0,1,0,1,0,0
Forgetting Sarah Marshall,2008-04-17,111,105173115,0,1,1,0,1,0,0
The Wretched,2020-03-09,95,3758846,0,0,0,0,0,1,0
It,2017-09-06,135,701800000,0,0,0,1,0,1,0
Semi-Pro,2008-02-28,91,33472850,0,0,1,0,0,0,0
Friday the 13th,1980-05-09,95,59754601,0,0,0,0,0,1,0
The Best Exotic Marigold Hotel,2012-02-23,124,136836156,0,1,1,0,0,0,0
Jackass Number Two,2006-09-22,92,72778712,1,0,1,0,0,0,1
After Earth,2013-05-30,100,243843127,1,0,0,1,0,0,0
Evil Dead,2013-04-05,91,97542952,0,0,0,0,0,1,0
Me Before You,2016-06-01,110,207945075,0,1,0,0,1,0,0
The Rite,2011-01-28,114,96047633,0,1,0,0,0,1,0
Good Boys,2019-08-14,89,111037232,0,0,1,0,0,0,0
Us,2019-03-14,116,256067149,0,0,0,0,0,1,0
Grown Ups,2010-06-24,102,271430189,0,0,1,0,0,0,0
The Ugly Truth,2009-07-24,96,321682600,0,0,1,0,1,0,0
Ready Player One,2018-03-28,140,607274134,1,0,0,1,0,0,0
Encanto,2021-10-13,102,253000000,0,0,1,1,0,0,1
V for Vendetta,2006-02-23,132,132511035,1,0,0,1,0,1,0
Old,2021-07-21,108,90146510,0,0,0,0,0,1,0
Killers,2010-06-04,100,98159963,1,0,1,0,1,1,0
Transformers: Dark of the Moon,2011-06-28,154,1123794079,1,0,0,1,0,0,0
The Devil Inside,2012-01-06,83,101758490,0,0,0,0,0,1,0
Shazam! Fury of the Gods,2023-03-15,130,133838006,1,0,1,1,0,0,0
TMNT,2007-03-23,86,95608995,1,0,1,0,0,0,1
Scary Movie 4,2006-04-12,83,178262620,0,0,1,0,0,0,0
Dodgeball: A True Underdog Story,2004-06-18,92,167722310,0,0,1,0,0,0,0
Cloudy with a Chance of Meatballs 2,2013-09-26,95,248384621,0,0,1,0,0,0,1
Daddy's Home 2,2017-11-09,100,180613180,0,0,1,0,0,0,0
Saw II,2005-10-28,93,147748505,0,0,0,0,0,1,0
Boo! A Madea Halloween,2016-10-21,103,74827344,0,0,1,0,0,1,0
The Hangover Part III,2013-05-23,100,362000072,0,0,1,0,0,0,0
The Woman King,2022-09-16,135,97250903,1,1,0,0,0,0,1
The Mummy: Tomb of the Dragon Emperor,2008-07-01,112,403449830,1,0,0,1,0,0,0
Beowulf,2007-11-05,115,195735876,1,0,0,0,0,0,1
Maze Runner: The Scorch Trials,2015-09-09,131,312296056,1,0,0,1,0,1,0
Slumdog Millionaire,2008-11-12,120,378410542,0,1,0,0,1,0,0
Night at the Museum,2006-12-20,108,574480841,1,0,1,1,0,0,1
Suicide Squad,2016-08-03,123,746846894,1,0,0,1,0,0,0
Sin City,2005-04-01,124,158733820,1,0,0,0,0,1,0
National Treasure,2004-11-19,131,347512318,1,0,0,0,0,1,0
John Q,2002-02-15,116,102244770,0,1,0,0,0,1,0
The 40-Year-Old Virgin,2005-08-11,116,177378645,0,0,1,0,1,0,0
Fantastic Beasts: The Secrets of Dumbledore,2022-04-06,142,406950844,1,0,0,1,0,0,1
300,2007-03-07,117,456082343,1,0,0,0,0,0,1
The Last Exorcism,2010-08-27,87,69432527,0,0,0,0,0,1,0
Insidious: Chapter 2,2013-09-12,106,161000000,0,0,0,0,0,1,0
Spider-Man,2023-05-31,140,683241751,1,0,0,0,0,0,1
Watchmen,2009-03-04,163,185258983,1,0,0,1,0,1,0
Get Him to the Greek,2010-06-03,109,90029656,1,0,1,0,0,0,1
The Accountant,2016-10-13,128,155160045,0,1,0,0,0,1,0
Safe House,2012-02-08,115,208076205,1,0,0,0,0,1,0
Strike,1998-08-21,97,913834,0,1,1,0,0,0,0
The Pursuit of Happyness,2006-12-14,117,307077295,0,1,0,0,0,0,0
StreetDance 2,2012-03-30,85,0,0,1,0,0,1,0,1
The Sweeney,2012-09-11,112,6294161,1,0,0,0,0,1,0
DC League of Super-Pets,2022-07-27,105,203000000,1,0,1,1,0,0,1
Godzilla: King of the Monsters,2019-05-29,132,386600138,1,0,0,1,0,0,0
Becky,2020-07-23,93,1045873,1,0,0,0,0,1,0
Hannah Montana: The Movie,2009-04-10,102,155545279,0,1,1,0,1,0,1
The Departed,2006-10-04,151,291465000,0,1,0,0,0,1,0
The Lost City,2022-03-24,112,192907684,1,0,1,0,0,0,0
Think Like a Man Too,2014-06-20,105,70181428,0,0,1,0,1,0,0
Focus,2015-02-25,105,153962963,0,0,1,0,1,1,0
A Quiet Place Part II,2021-05-21,97,297400000,0,0,0,1,0,1,0
Taken 2,2012-09-27,91,376141306,1,0,0,0,0,1,0
Superbad,2007-03-20,113,170812526,0,0,1,0,0,0,0
The Blind Side,2009-11-20,129,309208309,0,1,0,0,0,0,0
1917,2019-12-25,119,394638258,1,1,0,0,0,0,1
Act of Valor,2012-02-24,110,82499399,1,0,0,0,0,1,1
Gridiron Gang,2006-09-15,125,41480851,0,1,0,0,0,1,0
Up,2009-05-28,96,735099082,1,0,1,0,0,0,1
Ratatouille,2007-06-28,111,623726000,0,0,1,1,0,0,1
Pirates of the Caribbean: Dead Men Tell No Tales,2017-05-23,128,795922298,1,0,0,1,0,0,0
The Suicide Squad,2021-07-28,132,168717425,1,0,1,0,0,0,0
The Ring,2002-10-18,115,249348933,0,0,0,0,0,1,0
Insomnia,2002-05-24,118,113714830,0,0,0,0,0,1,0
Changing Lanes,2002-04-07,99,94935764,1,1,0,0,0,1,0
The Tax Collector,2020-08-07,95,942666,1,1,0,0,0,1,0
Noah,2014-03-07,138,362600000,1,1,0,0,0,0,0
Ted,2012-06-29,107,549368315,0,0,1,1,0,0,0
22 Jump Street,2014-06-05,112,331333876,1,0,1,0,0,1,0
The Incredibles,2004-10-27,115,631442092,1,0,0,0,0,0,1
The Lego Ninjago Movie,2017-09-21,101,123081555,1,0,1,0,0,0,1
The Matrix Reloaded,2003-05-15,138,738599701,1,0,0,1,0,1,0
Paper Towns,2015-06-18,109,85512300,0,1,0,0,1,1,0
Maze Runner: The Death Cure,2018-01-10,143,288175335,1,0,0,1,0,1,0
The Butterfly Effect,2004-01-17,113,96060858,0,0,0,1,0,1,0
Nanny McPhee,2005-10-21,97,123276807,0,0,1,1,0,0,1
The Little Mermaid,2023-05-18,135,569244557,1,0,0,1,1,0,1
Mary Poppins Returns,2018-12-13,131,348807090,0,0,1,1,0,0,1
Monster Hunter,2020-12-03,104,42145959,1,0,0,1,0,0,0
The Prestige,2006-10-19,130,109676311,0,1,0,1,0,1,0
The Possession,2012-08-30,92,85446075,0,0,0,0,0,1,0
The Boss Baby,2021-07-01,107,146745280,1,0,1,0,0,0,1
Charlie and the Chocolate Factory,2005-07-13,115,474968763,1,0,1,1,0,0,1
Jurassic World: Fallen Kingdom,2018-06-22,129,1310466296,1,0,0,1,0,1,0
Borat,2020-10-23,96,0,0,0,1,0,0,0,0
Shrek the Third,2007-05-17,93,813367380,1,0,1,1,0,0,1
The New Mutants,2020-04-02,94,49169594,1,0,0,1,0,1,0
Music and Lyrics,2007-02-09,105,145896422,0,0,1,0,1,0,1
The Wolf of Wall Street,2013-12-25,180,392000000,0,1,1,0,0,1,0
The Little Things,2021-01-28,128,29942746,0,1,0,0,0,1,0
The Omen,1976-06-25,111,60922980,0,0,0,0,0,1,0
In Her Shoes,2005-10-07,130,83073883,0,1,1,0,1,0,0
The Theory of Everything,2014-11-26,123,123726688,0,1,0,0,1,0,0
Aladdin,2019-05-22,127,1054304000,1,0,0,1,1,0,1
Kingsman: The Golden Circle,2017-09-20,141,410902662,1,0,1,0,0,0,0
Paranormal Activity 4,2012-10-17,88,142802657,0,0,0,0,0,1,0
Unhinged,2020-07-16,90,39238300,1,0,0,0,0,1,0
Star Wars: Episode II - Attack of the Clones,2002-05-15,142,649398328,1,0,0,1,0,0,0
Guardians of the Galaxy Vol. 3,2023-05-03,150,845430302,1,0,0,1,0,0,0
Vantage Point,2008-02-01,90,152039882,1,1,0,0,0,1,0
Smile,2022-09-23,115,216135048,0,0,0,0,0,1,0
Underworld: Awakening,2012-01-19,88,160112671,1,0,0,1,0,1,0
Bee Movie,2007-10-28,91,287594577,1,0,1,0,0,0,1
Hansel & Gretel: Witch Hunters,2013-01-17,88,226349749,1,0,0,1,0,1,0
The Lego Movie 2: The Second Part,2019-02-06,106,199603202,1,0,1,0,0,0,1
Dawn of the Planet of the Apes,2014-06-26,130,710644566,1,1,0,1,0,1,0
Fast Five,2011-04-20,130,626137675,1,0,0,0,0,1,0
The Karate Kid,2010-06-10,140,359126022,1,1,0,0,0,0,1
Diary of a Mad Black Woman,2005-02-25,116,0,0,1,1,0,1,0,0
Zombieland,2009-10-07,88,102391540,0,0,1,0,0,1,0
Hancock,2008-07-01,92,629443428,1,0,0,1,0,0,0
The Secret Life of Pets 2,2019-05-24,86,429434163,1,0,1,0,0,0,1
Barbie,2023-07-19,114,1440074393,1,0,1,1,0,0,0
Catch Me If You Can,2002-12-16,141,352114312,0,1,0,0,0,1,0
War Horse,2011-12-25,146,177584879,1,1,0,0,0,0,1
The Bad Guys,2022-03-17,100,250162278,1,0,1,0,0,1,1
Cars,2006-06-08,117,461983149,1,0,1,0,0,0,1
Downton Abbey,2019-09-12,122,192199131,0,1,0,0,1,0,1
Next,2007-04-25,96,76066841,1,0,0,1,0,1,0
A Christmas Carol,2008-11-03,76,4496912,0,0,0,0,0,0,1
Dear John,2010-02-04,108,114977104,0,1,0,0,1,0,1
Wreck-It Ralph,2012-11-01,101,471222889,1,0,1,0,0,0,1
Batman v Superman: Dawn of Justice,2016-03-23,152,873637528,1,0,0,1,0,0,0
Rush,2013-09-02,123,90247624,1,1,0,0,0,0,0
The Bourne Identity,2002-06-14,119,214034224,1,1,0,0,0,1,0
Swimfan,2002-09-06,84,34411240,0,0,0,0,0,1,0
Johnny English Reborn,2011-09-15,101,160078586,1,0,1,0,0,1,0
The Rental,2020-07-23,88,4296804,0,0,0,0,0,1,0
Despicable Me 3,2017-06-15,90,1031552585,1,0,1,0,0,0,1
Step Brothers,2008-07-25,98,128107642,0,0,1,0,0,0,0
Scooby-Doo,2002-06-14,88,275650703,1,0,1,0,0,1,0
The Greatest Showman,2017-12-20,105,432844677,0,1,0,0,0,0,0
Sausage Party,2016-07-11,89,140705322,1,0,1,1,0,0,1
Meet the Fockers,2004-12-22,115,516642939,0,0,1,0,1,0,0
The Hangover Part II,2011-05-25,102,586764305,0,0,1,0,0,0,0
Sing 2,2021-12-01,110,406000000,0,0,0,0,0,0,1
Brave,2012-06-21,93,538983207,1,0,1,1,0,0,1
Get Smart,2008-06-19,110,230685453,1,0,1,0,0,1,0
The House Bunny,2008-08-22,97,70442940,0,0,1,0,1,0,0
Minions: The Rise of Gru,2022-06-29,87,939628210,0,0,1,0,0,0,1
Rush Hour 3,2007-08-08,91,258022233,1,0,1,0,0,1,0
Burn After Reading,2008-09-05,96,163720069,0,1,1,0,0,0,0
Mr. Deeds,2002-06-28,96,171269535,0,0,1,0,1,0,0
12 Years a Slave,2013-10-18,134,187000000,0,1,0,0,0,0,1
Sweet Home Alabama,2002-09-26,108,180622424,0,0,1,0,1,0,0
G.I. Joe: Retaliation,2013-03-27,110,371876278,1,0,0,1,0,1,0
The Curious Case of Benjamin Button,2008-12-25,166,335802786,0,1,0,1,1,0,0
Rogue One: A Star Wars Story,2016-12-14,133,1056057273,1,0,0,1,0,0,0
Beverly Hills Chihuahua,2008-10-03,91,149281606,1,0,1,0,1,0,1
The Dictator,2012-05-15,83,179379533,0,0,1,0,0,0,0
The Devil Wears Prada,2006-06-29,109,326706115,0,1,1,0,1,0,0
Barbershop,2002-04-01,102,77063924,0,1,1,0,0,0,0
The Grudge 2,2023-08-08,55,0,1,0,0,1,0,0,1
Scream VI,2023-03-08,123,168961389,0,0,0,0,0,1,0
Thor: The Dark World,2013-10-30,112,644783140,1,0,0,1,0,0,0
End of Watch,2012-09-20,109,48126384,0,1,0,0,0,1,0
Morbius,2022-03-30,105,167500000,1,0,0,1,0,0,0
Avatar,2009-12-15,162,2923706026,1,0,0,1,0,0,0
Uncharted,2022-02-10,116,407141258,1,0,0,0,0,0,0
Troy,2004-05-13,163,497409852,1,0,0,0,0,0,1
The Batman,2022-03-01,177,770945583,0,0,0,0,0,1,0
Tomorrowland,2015-05-19,130,209154322,1,0,0,1,0,1,1
Just Like Heaven,2005-09-16,95,102854431,0,1,1,1,1,0,0
The Revenant,2015-12-25,157,532950503,1,1,0,0,0,0,1
Little Fockers,2010-12-21,98,310650585,0,0,1,0,1,0,0
Resident Evil: Extinction,2007-09-20,94,148412065,1,0,0,1,0,1,0
Ender's Game,2013-10-24,114,125537191,1,0,0,1,0,0,0
Road to Perdition,2002-07-12,117,181001478,0,1,0,0,0,1,0
Rampage,2018-04-11,107,428028233,1,0,0,1,0,0,0
Doom,2005-10-20,105,58072119,1,0,0,1,0,1,0
Kill Bill: Vol. 2,2004-04-16,136,152159461,1,0,0,0,0,1,0
Monster-in-Law,2005-05-13,101,154749918,0,0,1,0,1,0,0
Click,2006-06-23,107,240685326,0,1,1,1,0,0,0
Prometheus,2012-05-30,124,403354469,1,0,0,1,0,1,0
Robin Hood,2018-11-21,116,86493046,1,0,0,0,0,1,0
Exorcist: The Beginning,2004-08-20,114,78000586,0,0,0,0,0,1,0
8 Mile,2002-11-08,111,242875078,0,1,0,0,0,0,1
Happy Feet,2006-11-16,108,384335608,0,0,1,0,0,0,1
Pirates of the Caribbean: Dead Man's Chest,2006-07-06,151,1065659812,1,0,0,1,0,0,0
Stomp the Yard,2007-05-16,114,75511123,0,1,0,0,0,0,1
Coach Carter,2005-01-14,136,76669806,0,1,0,0,0,0,1
Ralph Breaks the Internet,2018-11-20,112,529323962,1,0,1,0,0,0,1
No Good Deed,2014-09-10,84,53830415,0,0,0,0,0,1,0
Ali G Indahouse,2002-03-21,85,25900000,0,0,1,0,0,0,0
Iron Man,2008-04-30,126,585174222,1,0,0,1,0,0,0
The Longest Yard,2005-05-27,113,190320568,0,0,1,0,0,0,0
Fantastic Four,2005-06-29,106,333535934,1,0,0,1,0,0,0
The Messengers,2007-02-02,90,55060212,0,0,0,0,0,1,0
Finding Dory,2016-06-16,97,1028570889,1,0,1,0,0,0,1
Zathura: A Space Adventure,2005-11-06,101,65079104,1,0,0,1,0,0,1
Ice Age: Continental Drift,2012-06-27,88,877244782,1,0,1,0,0,0,1
Monsters vs. Aliens,2009-03-19,94,381509870,1,0,0,1,0,0,1
Minority Report,2002-06-20,145,358372926,1,0,0,1,0,1,0
Murder on the Orient Express,2017-11-03,114,352794081,0,1,0,0,0,1,0
The Other Guys,2010-08-06,107,170432927,1,0,1,0,0,1,0
Eternals,2021-11-03,156,402064899,1,0,0,1,0,0,0
Maid in Manhattan,2002-12-13,105,154906693,0,1,1,0,1,0,0
Black Widow,2021-07-07,134,379751131,1,0,0,1,0,0,0
Jason Bourne,2016-07-27,123,415484914,1,1,0,0,0,1,0
Due Date,2010-11-03,95,211780824,0,1,1,0,0,0,0
Interstellar,2014-11-05,169,701729206,1,1,0,1,0,0,0
The Creator,2023-09-27,134,90909118,1,0,0,1,0,1,0
Hellboy II: The Golden Army,2008-07-11,120,160388063,1,0,0,1,0,0,0
Cowboys & Aliens,2011-07-29,119,174822325,1,0,0,1,0,1,1
Bad Boys for Life,2020-01-15,124,426505244,1,0,0,0,0,1,0
27 Dresses,2008-01-10,111,160259319,0,0,1,0,1,0,0
Cradle 2 the Grave,2003-02-28,101,56489558,1,1,0,0,0,1,0
Jeepers Creepers 2,2003-08-08,104,63102666,0,0,0,0,0,1,0
Transporter 2,2005-08-03,87,89083229,1,0,0,0,0,1,0
Meet the Spartans,2008-01-24,84,85897593,0,0,1,0,0,0,0
Creed III,2023-03-01,116,275248615,1,1,0,0,0,0,0
Angels & Demons,2009-05-13,138,485930816,0,0,0,0,0,1,0
Split,2017-01-19,117,278454358,0,0,0,0,0,1,0
The Hobbit: The Battle of the Five Armies,2014-12-10,144,956019788,1,0,0,1,0,0,0
Fast X,2023-05-17,142,704709660,1,0,0,0,0,1,0
The Jungle Book,1967-10-18,78,205843612,1,0,0,0,0,0,1
Saw 3D,2010-10-22,90,136151680,0,0,0,0,0,1,0
Jack the Giant Slayer,2013-02-27,114,197687603,1,0,0,1,0,0,1
The Forbidden Kingdom,2008-04-18,104,127906624,1,0,0,1,0,0,0
We Were Soldiers,2002-03-01,138,114660784,1,0,0,0,0,0,1
Dumbo,1941-10-31,64,1600000,0,0,0,0,0,0,1
Taken 3,2014-12-16,109,325771424,1,0,0,0,0,1,0
Bride & Prejudice,2004-02-11,111,0,0,1,1,0,1,0,0
Robots,2005-03-10,91,262511490,0,0,1,1,0,0,1
"The Chronicles of Narnia: The Lion, the Witch and the Wardrobe",2005-12-07,143,745013115,1,0,0,1,0,0,1
Blade Runner 2049,2017-10-04,164,259239658,0,1,0,1,0,0,0
A Haunting in Venice,2023-09-13,104,110800000,0,0,0,0,0,1,0
Jumper,2008-02-13,88,222231186,1,0,0,1,0,0,0
Aliens vs. Predator: Requiem,2007-12-25,94,130290885,1,0,0,1,0,1,0
Dolphin Tale,2011-09-22,113,95404397,0,1,0,0,0,0,1
X2,2003-04-27,133,407711549,1,0,0,1,0,0,0
Maleficent: Mistress of Evil,2019-10-16,119,491730089,1,0,0,1,0,0,1
The Golden Compass,2007-12-04,113,372234864,1,0,0,1,0,0,0
Dickie Roberts: Former Child Star,2003-09-04,98,0,0,0,1,0,0,0,0
Thor: Love and Thunder,2022-07-06,119,760928081,1,0,1,1,0,0,0
Dragon Ball Super: Super Hero,2022-06-11,99,86562140,1,0,0,1,0,0,1
Fast & Furious 6,2013-05-21,131,788680968,1,0,0,0,0,1,0
Turbo,2013-07-11,96,282570682,0,0,0,0,0,0,1
Skyfall,2012-10-24,143,1142471295,1,0,0,0,0,1,0
The Time Traveler's Wife,2009-08-14,108,101344412,0,1,0,1,1,0,0
Paddington,2014-11-24,96,259207227,1,0,1,0,0,0,1
Freddy vs. Jason,2003-08-15,97,116643421,0,0,0,0,0,1,0
"You, Me and Dupree",2006-07-13,108,130628903,0,0,1,0,1,0,0
The Twilight Saga: Eclipse,2010-06-23,124,698491347,1,1,0,1,1,0,0
The Italian Job,2003-05-30,110,176070171,1,0,0,0,0,1,0
28 Days Later,2002-10-31,113,85720385,0,0,0,1,0,1,0
Fame,1980-05-16,134,42000000,0,1,0,0,0,0,1
How to Train Your Dragon,2010-03-18,98,494879471,1,0,0,1,0,0,1
Terminator: Dark Fate,2019-10-23,128,261119292,1,0,0,1,0,0,0
Superman Returns,2006-06-28,154,391081192,1,0,0,1,0,0,0
Avengers: Age of Ultron,2015-04-22,141,1405403694,1,0,0,1,0,0,0
Raya and the Last Dragon,2021-03-03,107,130423032,1,0,0,1,0,0,1
Ant-Man,2015-07-14,117,519311965,1,0,0,1,0,0,0
He's Just Not That Into You,2009-02-06,129,178866158,0,1,1,0,1,0,0
Minions,2015-06-17,91,1156730962,1,0,1,0,0,0,1
Fury,2014-10-15,135,211817906,1,1,0,0,0,0,1
Just Go with It,2011-02-10,117,214945591,0,0,1,0,1,0,0
Limitless,2011-03-08,105,161849455,0,0,0,1,0,1,0
Bridesmaids,2011-05-13,125,288383523,0,0,1,0,1,0,0
Open Season,2006-09-27,86,197309027,1,0,1,0,0,0,1
Underworld,2003-09-19,122,95708457,1,0,0,1,0,1,0
Alice in Wonderland,1951-07-28,75,57200000,1,0,0,1,0,0,1
Harry Potter and the Deathly Hallows: Part 1,2010-11-17,146,954305868,1,0,0,1,0,0,0
The Croods: A New Age,2020-11-25,95,215905815,1,0,1,1,0,0,1
Madea Goes to Jail,2009-02-16,103,90508336,0,1,1,0,0,1,0
The Magnificent Seven,2016-09-14,132,162360636,1,0,0,0,0,0,1
Resident Evil: Afterlife,2010-09-09,97,300228084,1,0,0,1,0,1,0
Puss in Boots: The Last Wish,2022-12-07,103,482129780,1,0,1,1,0,0,1
Captain America: The First Avenger,2011-07-22,124,370569774,1,0,0,1,0,0,0
Quantum of Solace,2008-10-29,106,589580482,1,0,0,0,0,1,0
Queen of the Damned,2002-02-10,101,45479110,0,1,0,1,0,1,0
The Matrix Revolutions,2003-11-05,129,424988211,1,0,0,1,0,1,0
Nanny McPhee Returns,2010-03-26,109,93251121,0,0,1,1,0,0,1
The BFG,2016-06-01,117,195243411,1,0,0,1,0,0,1
X-Men: First Class,2012-06-05,23,0,0,0,0,0,0,0,1
American Wedding,2003-08-01,103,231449203,0,0,1,0,1,0,0
Pirates of the Caribbean: The Curse of the Black Pearl,2003-07-09,143,655011224,1,0,0,1,0,0,0
Apocalypto,2006-12-07,139,120673227,1,1,0,0,0,0,1
Shazam!,2019-03-29,132,366080049,1,0,1,1,0,0,0
Hotel Transylvania 3: Summer Vacation,2018-06-28,97,528600000,0,0,1,1,0,0,1
Thor: Ragnarok,2017-10-02,131,855301806,1,0,0,1,0,0,0
Spider-Man 3,2007-05-01,139,894983373,1,0,0,1,0,0,0
Pitch Perfect 2,2015-05-07,115,287506194,0,0,1,0,0,0,1
The Sum of All Fears,2002-05-31,124,193921372,1,1,0,0,0,1,0
Sing,2016-11-23,108,634151679,0,0,1,0,0,0,1
Dungeons & Dragons: Honor Among Thieves,2023-03-23,134,208177026,1,0,1,1,0,0,0
RocknRolla,2008-09-04,114,25740863,1,0,0,0,0,1,0
TRON: Legacy,2010-12-14,125,400062763,1,0,0,1,0,0,0
Looper,2012-09-26,118,47042000,1,0,0,1,0,1,0
Hannah Montana and Miley Cyrus: Best of Both Worlds Concert,2008-02-01,82,70642966,0,0,0,0,0,0,1
X-Men: Apocalypse,2016-05-18,144,543934787,1,0,0,1,0,0,0
Trolls Band Together,2023-10-12,92,0,0,0,1,1,0,0,1
Despicable Me 2,2013-06-26,98,970761885,0,0,1,0,0,0,1
One Direction: This Is Us,2013-08-29,92,68500000,0,0,0,0,0,0,1
Die Another Day,2002-11-17,133,431971116,1,0,0,0,0,1,0
West Side Story,1961-12-13,151,43656822,0,1,0,0,1,1,0
Aquaman,2018-12-07,143,1148528393,1,0,0,1,0,0,0
The Scorpion King,2002-04-18,92,165333180,1,0,0,1,0,0,0
Black Panther: Wakanda Forever,2022-11-09,162,859102154,1,0,0,1,0,0,0
The Boss,2016-04-07,91,78636257,0,0,1,0,0,0,0
Epic Movie,2007-01-25,85,86865564,1,0,1,0,0,0,0
Thor,2011-04-21,115,449326618,1,0,0,1,0,0,0
"Lyle, Lyle, Crocodile",2022-10-07,106,104088441,0,0,1,0,0,0,1
Home,2015-03-18,94,368871007,0,0,1,1,0,0,1
Horton Hears a Who!,2008-03-03,86,298572799,1,0,1,1,0,0,1
The Hitman's Bodyguard,2017-08-16,118,176586701,1,0,1,0,0,0,0
Immortals,2011-11-10,110,226904017,1,1,0,1,0,0,0
